[{"_allAttributes":null,"_properties":null,"_methods":null,"file":"c:/Users/chbal/OneDrive/Salesforce/sfdcsunil07@gmail.com/force-app/main/default/lwc/accountList/accountList.js","metadata":{"decorators":[{"type":"track","targets":[{"name":"loader","type":"property"},{"name":"error","type":"property"},{"name":"pageSize","type":"property"},{"name":"pageNumber","type":"property"},{"name":"totalRecords","type":"property"},{"name":"totalPages","type":"property"},{"name":"recordEnd","type":"property"},{"name":"recordStart","type":"property"},{"name":"isPrev","type":"property"},{"name":"isNext","type":"property"},{"name":"accounts","type":"property"}]}],"declarationLoc":{"start":{"line":4,"column":0},"end":{"line":70,"column":1}},"classMembers":[{"type":"property","name":"loader","loc":{"start":{"line":5,"column":4},"end":{"line":5,"column":26}},"decorator":"track"},{"type":"property","name":"error","loc":{"start":{"line":6,"column":4},"end":{"line":6,"column":24}},"decorator":"track"},{"type":"property","name":"pageSize","loc":{"start":{"line":7,"column":4},"end":{"line":7,"column":25}},"decorator":"track"},{"type":"property","name":"pageNumber","loc":{"start":{"line":8,"column":4},"end":{"line":8,"column":26}},"decorator":"track"},{"type":"property","name":"totalRecords","loc":{"start":{"line":9,"column":4},"end":{"line":9,"column":28}},"decorator":"track"},{"type":"property","name":"totalPages","loc":{"start":{"line":10,"column":4},"end":{"line":10,"column":26}},"decorator":"track"},{"type":"property","name":"recordEnd","loc":{"start":{"line":11,"column":4},"end":{"line":11,"column":25}},"decorator":"track"},{"type":"property","name":"recordStart","loc":{"start":{"line":12,"column":4},"end":{"line":12,"column":27}},"decorator":"track"},{"type":"property","name":"isPrev","loc":{"start":{"line":13,"column":4},"end":{"line":13,"column":25}},"decorator":"track"},{"type":"property","name":"isNext","loc":{"start":{"line":14,"column":4},"end":{"line":14,"column":25}},"decorator":"track"},{"type":"property","name":"accounts","loc":{"start":{"line":15,"column":4},"end":{"line":15,"column":25}},"decorator":"track"},{"type":"method","name":"connectedCallback","loc":{"start":{"line":18,"column":4},"end":{"line":20,"column":5}}},{"type":"method","name":"handleNext","loc":{"start":{"line":23,"column":4},"end":{"line":26,"column":5}}},{"type":"method","name":"handlePrev","loc":{"start":{"line":29,"column":4},"end":{"line":32,"column":5}}},{"type":"method","name":"getAccounts","loc":{"start":{"line":35,"column":4},"end":{"line":56,"column":5}}},{"type":"property","name":"isDisplayNoRecords","loc":{"start":{"line":59,"column":4},"end":{"line":69,"column":5}}}],"exports":[{"type":"ExportDefaultDeclaration"}]},"updatedAt":"2021-11-02T10:26:31.811Z"},{"_allAttributes":null,"_properties":null,"_methods":null,"file":"c:/Users/chbal/OneDrive/Salesforce/sfdcsunil07@gmail.com/force-app/main/default/lwc/childComponent/childComponent.js","metadata":{"decorators":[{"type":"api","targets":[{"type":"method","name":"handleBday"}]},{"type":"track","targets":[{"name":"greetings","type":"property"}]}],"declarationLoc":{"start":{"line":3,"column":0},"end":{"line":9,"column":1}},"classMembers":[{"type":"property","name":"greetings","loc":{"start":{"line":4,"column":4},"end":{"line":4,"column":21}},"decorator":"track"},{"type":"method","name":"handleBday","loc":{"start":{"line":5,"column":4},"end":{"line":8,"column":5}},"decorator":"api"}],"exports":[{"type":"ExportDefaultDeclaration"}]},"updatedAt":"2021-11-02T10:26:31.792Z"},{"_allAttributes":null,"_properties":null,"_methods":null,"file":"c:/Users/chbal/OneDrive/Salesforce/sfdcsunil07@gmail.com/force-app/main/default/lwc/customSearchSobjectLWC/customSearchSobjectLWC.js","metadata":{"decorators":[{"type":"track","targets":[{"name":"contactsRecord","type":"property"}]}],"declarationLoc":{"start":{"line":7,"column":0},"end":{"line":48,"column":1}},"classMembers":[{"type":"property","name":"contactsRecord","loc":{"start":{"line":9,"column":4},"end":{"line":9,"column":26}},"decorator":"track"},{"type":"property","name":"searchValue","loc":{"start":{"line":10,"column":4},"end":{"line":10,"column":21}}},{"type":"method","name":"searchKeyword","loc":{"start":{"line":13,"column":4},"end":{"line":15,"column":5}}},{"type":"method","name":"handleSearchKeyword","loc":{"start":{"line":18,"column":4},"end":{"line":47,"column":5}}}],"exports":[{"type":"ExportDefaultDeclaration"}]},"updatedAt":"2021-11-02T10:26:31.932Z"},{"_allAttributes":null,"_properties":null,"_methods":null,"file":"c:/Users/chbal/OneDrive/Salesforce/sfdcsunil07@gmail.com/force-app/main/default/lwc/datatableInlineEditing/datatableInlineEditing.js","metadata":{"decorators":[{"type":"wire","targets":[{"name":"wiredAccount","adapter":{"name":"fetchAccounts","reference":"@salesforce/apex/AccountControllerInlineEdit.fetchAccounts"},"type":"method"}]}],"declarationLoc":{"start":{"line":16,"column":0},"end":{"line":79,"column":1}},"classMembers":[{"type":"property","name":"records","loc":{"start":{"line":18,"column":4},"end":{"line":18,"column":12}}},{"type":"property","name":"wiredRecords","loc":{"start":{"line":19,"column":4},"end":{"line":19,"column":17}}},{"type":"property","name":"error","loc":{"start":{"line":20,"column":4},"end":{"line":20,"column":10}}},{"type":"property","name":"columns","loc":{"start":{"line":21,"column":4},"end":{"line":21,"column":22}}},{"type":"property","name":"draftValues","loc":{"start":{"line":22,"column":4},"end":{"line":22,"column":21}}},{"type":"method","name":"wiredAccount","loc":{"start":{"line":24,"column":4},"end":{"line":42,"column":5}},"decorator":"wire"},{"type":"method","name":"handleSave","loc":{"start":{"line":44,"column":4},"end":{"line":77,"column":5}}}],"exports":[{"type":"ExportDefaultDeclaration"}]},"updatedAt":"2021-11-02T10:26:31.942Z"},{"_allAttributes":null,"_properties":null,"_methods":null,"file":"c:/Users/chbal/OneDrive/Salesforce/sfdcsunil07@gmail.com/force-app/main/default/lwc/dynamicSearchInLWC/dynamicSearchInLWC.js","metadata":{"decorators":[],"declarationLoc":{"start":{"line":22,"column":0},"end":{"line":57,"column":1}},"classMembers":[{"type":"property","name":"searchData","loc":{"start":{"line":24,"column":4},"end":{"line":24,"column":15}}},{"type":"property","name":"columns","loc":{"start":{"line":25,"column":4},"end":{"line":25,"column":22}}},{"type":"property","name":"errorMsg","loc":{"start":{"line":26,"column":4},"end":{"line":26,"column":18}}},{"type":"property","name":"strSearchAccName","loc":{"start":{"line":27,"column":4},"end":{"line":27,"column":26}}},{"type":"method","name":"handleAccountName","loc":{"start":{"line":30,"column":4},"end":{"line":33,"column":5}}},{"type":"method","name":"handleSearch","loc":{"start":{"line":35,"column":4},"end":{"line":56,"column":5}}}],"exports":[{"type":"ExportDefaultDeclaration"}]},"updatedAt":"2021-11-02T10:26:31.724Z"},{"_allAttributes":null,"_properties":null,"_methods":null,"file":"c:/Users/chbal/OneDrive/Salesforce/sfdcsunil07@gmail.com/force-app/main/default/lwc/filteredTable/filteredTable.js","metadata":{"decorators":[{"type":"wire","targets":[{"name":"wiredSObjects","adapter":{"name":"getCases","reference":"@salesforce/apex/FilteredTableController.getCases"},"type":"method","static":{},"params":{"caseNumber":"caseNumber","accountName":"accountName","contactName":"contactName","subject":"subject","status":"status","priority":"priority"}},{"name":"statusPickLists","adapter":{"name":"getPicklistValues","reference":"lightning/uiObjectInfoApi"},"type":"method","static":{"recordTypeId":{"type":"string","value":"012000000000000AAA"},"fieldApiName":{"value":"@salesforce/schema/Case.Status","type":"module"}},"params":{}},{"name":"priorityPickListPickLists","adapter":{"name":"getPicklistValues","reference":"lightning/uiObjectInfoApi"},"type":"method","static":{"recordTypeId":{"type":"string","value":"012000000000000AAA"},"fieldApiName":{"value":"@salesforce/schema/Case.Priority","type":"module"}},"params":{}}]},{"type":"track","targets":[{"name":"data","type":"property"}]}],"exports":[{"type":"ExportDefaultDeclaration"}]},"updatedAt":"2021-11-02T10:26:31.798Z"},{"_allAttributes":null,"_properties":null,"_methods":null,"file":"c:/Users/chbal/OneDrive/Salesforce/sfdcsunil07@gmail.com/force-app/main/default/lwc/lightningDatatable/lightningDatatable.js","metadata":{"decorators":[{"type":"api","targets":[{"type":"property","name":"sortedDirection","value":{"type":"string","value":"asc"}},{"type":"property","name":"sortedBy","value":{"type":"string","value":"Id"}},{"type":"property","name":"searchKey","value":{"type":"string"}}]},{"type":"wire","targets":[{"name":"wiredAccounts","adapter":{"name":"getOpps","reference":"@salesforce/apex/NextEraHomeController.getProjects"},"type":"method","static":{},"params":{"searchKey":"searchKey","sortBy":"sortedBy","sortDirection":"sortedDirection"}}]},{"type":"track","targets":[{"name":"value","type":"property"},{"name":"error","type":"property"},{"name":"data","type":"property"},{"name":"page","type":"property"},{"name":"items","type":"property"},{"name":"data","type":"property"},{"name":"columns","type":"property"},{"name":"startingRecord","type":"property"},{"name":"endingRecord","type":"property"},{"name":"pageSize","type":"property"},{"name":"totalRecountCount","type":"property"},{"name":"totalPage","type":"property"}]}],"declarationLoc":{"start":{"line":75,"column":0},"end":{"line":161,"column":1}},"classMembers":[{"type":"property","name":"value","loc":{"start":{"line":77,"column":4},"end":{"line":77,"column":17}},"decorator":"track"},{"type":"property","name":"error","loc":{"start":{"line":78,"column":4},"end":{"line":78,"column":17}},"decorator":"track"},{"type":"property","name":"data","loc":{"start":{"line":79,"column":4},"end":{"line":79,"column":16}},"decorator":"track"},{"type":"property","name":"sortedDirection","loc":{"start":{"line":80,"column":4},"end":{"line":80,"column":33}},"decorator":"api","value":{"type":"string","value":"asc"}},{"type":"property","name":"sortedBy","loc":{"start":{"line":81,"column":4},"end":{"line":81,"column":25}},"decorator":"api","value":{"type":"string","value":"Id"}},{"type":"property","name":"searchKey","loc":{"start":{"line":82,"column":4},"end":{"line":82,"column":24}},"decorator":"api","value":{"type":"string"}},{"type":"property","name":"result","loc":{"start":{"line":83,"column":4},"end":{"line":83,"column":11}}},{"type":"property","name":"page","loc":{"start":{"line":85,"column":4},"end":{"line":85,"column":20}},"decorator":"track"},{"type":"property","name":"items","loc":{"start":{"line":86,"column":4},"end":{"line":86,"column":22}},"decorator":"track"},{"type":"property","name":"columns","loc":{"start":{"line":88,"column":4},"end":{"line":88,"column":19}},"decorator":"track"},{"type":"property","name":"startingRecord","loc":{"start":{"line":89,"column":4},"end":{"line":89,"column":30}},"decorator":"track"},{"type":"property","name":"endingRecord","loc":{"start":{"line":90,"column":4},"end":{"line":90,"column":28}},"decorator":"track"},{"type":"property","name":"pageSize","loc":{"start":{"line":91,"column":4},"end":{"line":91,"column":24}},"decorator":"track"},{"type":"property","name":"totalRecountCount","loc":{"start":{"line":92,"column":4},"end":{"line":92,"column":33}},"decorator":"track"},{"type":"property","name":"totalPage","loc":{"start":{"line":93,"column":4},"end":{"line":93,"column":25}},"decorator":"track"},{"type":"method","name":"wiredAccounts","loc":{"start":{"line":95,"column":4},"end":{"line":113,"column":5}},"decorator":"wire"},{"type":"method","name":"previousHandler","loc":{"start":{"line":116,"column":4},"end":{"line":121,"column":5}}},{"type":"method","name":"nextHandler","loc":{"start":{"line":124,"column":4},"end":{"line":129,"column":5}}},{"type":"method","name":"displayRecordPerPage","loc":{"start":{"line":132,"column":4},"end":{"line":143,"column":5}}},{"type":"method","name":"sortColumns","loc":{"start":{"line":145,"column":4},"end":{"line":150,"column":5}}},{"type":"method","name":"handleKeyChange","loc":{"start":{"line":152,"column":4},"end":{"line":155,"column":5}}}],"exports":[{"type":"ExportDefaultDeclaration"}]},"updatedAt":"2021-11-02T10:26:31.927Z"},{"_allAttributes":null,"_properties":null,"_methods":null,"file":"c:/Users/chbal/OneDrive/Salesforce/sfdcsunil07@gmail.com/force-app/main/default/lwc/lwcCustomListViewdynamicdatatable/lwcCustomListViewdynamicdatatable.js","metadata":{"decorators":[{"type":"api","targets":[{"type":"property","name":"AccountId","value":{"type":"unresolved"}},{"type":"property","name":"RelatedObject","value":{"type":"unresolved"}},{"type":"property","name":"Fields","value":{"type":"unresolved"}},{"type":"property","name":"RelatedField","value":{"type":"unresolved"}},{"type":"property","name":"TableColumns","value":{"type":"unresolved"}},{"type":"property","name":"Title","value":{"type":"unresolved"}}]},{"type":"wire","targets":[{"name":"wiredRecs","adapter":{"name":"fetchRecs","reference":"@salesforce/apex/CustomListViewController.fetchRecs"},"type":"method","static":{},"params":{"listValues":"vals"}}]},{"type":"track","targets":[{"name":"listRecs","type":"property"},{"name":"initialListRecs","type":"property"},{"name":"error","type":"property"},{"name":"columns","type":"property"}]}],"exports":[{"type":"ExportDefaultDeclaration"}]},"updatedAt":"2021-11-02T10:26:31.922Z"},{"_allAttributes":null,"_properties":null,"_methods":null,"file":"c:/Users/chbal/OneDrive/Salesforce/sfdcsunil07@gmail.com/force-app/main/default/lwc/lwcDataTable/lwcDataTable.js","metadata":{"decorators":[{"type":"api","targets":[{"type":"property","name":"objectApiName","value":{"type":"unresolved"}},{"type":"property","name":"fieldNamesStr","value":{"type":"unresolved"}},{"type":"property","name":"inlineEdit","value":{"type":"boolean","value":false}},{"type":"property","name":"colAction","value":{"type":"boolean","value":false}},{"type":"property","name":"totalNumberOfRows","value":{"type":"unresolved"}}]},{"type":"wire","targets":[{"name":"wiredSobjects","adapter":{"name":"initRecords","reference":"@salesforce/apex/LWCDataTableController.initRecords"},"type":"method","static":{"recordId":{"type":"string","value":""},"Orderby":{"type":"string","value":"Id"},"OrderDir":{"type":"string","value":"ASC"}},"params":{"ObjectName":"objectApiName","fieldNamesStr":"fieldNamesStr","inlineEdit":"inlineEdit","enableColAction":"colAction"}}]},{"type":"track","targets":[{"name":"data","type":"property"},{"name":"columns","type":"property"},{"name":"loadMoreStatus","type":"property"}]}],"exports":[{"type":"ExportDefaultDeclaration"}]},"updatedAt":"2021-11-02T10:26:31.909Z"},{"_allAttributes":null,"_properties":null,"_methods":null,"file":"c:/Users/chbal/OneDrive/Salesforce/sfdcsunil07@gmail.com/force-app/main/default/lwc/lwcDatatableUtility/lwcDatatableUtility.js","metadata":{"decorators":[{"type":"api","targets":[{"type":"property","name":"keyField","value":{"type":"unresolved"}},{"type":"property","name":"showSearchBox","value":{"type":"boolean","value":false}},{"type":"property","name":"showPagination","value":{"type":"unresolved"}},{"type":"property","name":"pageSizeOptions","value":{"type":"unresolved"}},{"type":"property","name":"totalRecords","value":{"type":"unresolved"}},{"type":"property","name":"records","value":{"type":"unresolved"}},{"type":"property","name":"maxRowSelection","value":{"type":"unresolved"}},{"type":"property","name":"columns","value":{"type":"array","value":[]}},{"type":"property","name":"tableHeight"},{"type":"method","name":"setRecordsOnPage"}]}],"declarationLoc":{"start":{"line":9,"column":0},"end":{"line":244,"column":1}},"classMembers":[{"type":"property","name":"keyField","loc":{"start":{"line":11,"column":4},"end":{"line":11,"column":18}},"decorator":"api","value":{"type":"unresolved"}},{"type":"property","name":"showSearchBox","loc":{"start":{"line":12,"column":4},"end":{"line":12,"column":31}},"decorator":"api","value":{"type":"boolean","value":false}},{"type":"property","name":"showPagination","loc":{"start":{"line":13,"column":4},"end":{"line":13,"column":24}},"decorator":"api","value":{"type":"unresolved"}},{"type":"property","name":"pageSizeOptions","loc":{"start":{"line":14,"column":4},"end":{"line":14,"column":42}},"decorator":"api","value":{"type":"unresolved"}},{"type":"property","name":"totalRecords","loc":{"start":{"line":15,"column":4},"end":{"line":15,"column":22}},"decorator":"api","value":{"type":"unresolved"}},{"type":"property","name":"records","loc":{"start":{"line":16,"column":4},"end":{"line":16,"column":17}},"decorator":"api","value":{"type":"unresolved"}},{"type":"property","name":"maxRowSelection","loc":{"start":{"line":17,"column":4},"end":{"line":17,"column":25}},"decorator":"api","value":{"type":"unresolved"}},{"type":"property","name":"columns","loc":{"start":{"line":18,"column":4},"end":{"line":18,"column":22}},"decorator":"api","value":{"type":"array","value":[]}},{"type":"property","name":"tableHeightStyle","loc":{"start":{"line":20,"column":4},"end":{"line":20,"column":56}}},{"type":"property","name":"tableHeight","loc":{"start":{"line":21,"column":4},"end":{"line":24,"column":5}},"decorator":"api"},{"type":"property","name":"pageSize","loc":{"start":{"line":30,"column":4},"end":{"line":30,"column":13}}},{"type":"property","name":"totalPages","loc":{"start":{"line":31,"column":4},"end":{"line":31,"column":15}}},{"type":"property","name":"pageNumber","loc":{"start":{"line":32,"column":4},"end":{"line":32,"column":28}}},{"type":"property","name":"searchKey","loc":{"start":{"line":33,"column":4},"end":{"line":33,"column":14}}},{"type":"property","name":"paginationVisibility","loc":{"start":{"line":34,"column":4},"end":{"line":34,"column":35}}},{"type":"property","name":"rowNumberOffset","loc":{"start":{"line":35,"column":4},"end":{"line":35,"column":20}}},{"type":"property","name":"preSelected","loc":{"start":{"line":36,"column":4},"end":{"line":36,"column":16}}},{"type":"property","name":"recordsToDisplay","loc":{"start":{"line":37,"column":4},"end":{"line":37,"column":26}}},{"type":"property","name":"filteredRecords","loc":{"start":{"line":39,"column":4},"end":{"line":39,"column":25}}},{"type":"property","name":"selectedRecords","loc":{"start":{"line":40,"column":4},"end":{"line":40,"column":25}}},{"type":"property","name":"pageSelectedRecords","loc":{"start":{"line":41,"column":4},"end":{"line":41,"column":29}}},{"type":"property","name":"filtredNum","loc":{"start":{"line":42,"column":4},"end":{"line":42,"column":15}}},{"type":"property","name":"totalSelected","loc":{"start":{"line":43,"column":4},"end":{"line":43,"column":22}}},{"type":"property","name":"refreshCurrentData","loc":{"start":{"line":44,"column":4},"end":{"line":44,"column":23}}},{"type":"property","name":"defaultSortDirection","loc":{"start":{"line":46,"column":4},"end":{"line":46,"column":33}}},{"type":"property","name":"sortDirection","loc":{"start":{"line":47,"column":4},"end":{"line":47,"column":26}}},{"type":"property","name":"sortedBy","loc":{"start":{"line":48,"column":4},"end":{"line":48,"column":13}}},{"type":"method","name":"connectedCallback","loc":{"start":{"line":51,"column":4},"end":{"line":62,"column":5}}},{"type":"method","name":"handleRecordsPerPage","loc":{"start":{"line":64,"column":4},"end":{"line":67,"column":5}}},{"type":"method","name":"handlePageNumberChange","loc":{"start":{"line":69,"column":4},"end":{"line":74,"column":5}}},{"type":"method","name":"previousPage","loc":{"start":{"line":76,"column":4},"end":{"line":79,"column":5}}},{"type":"method","name":"nextPage","loc":{"start":{"line":80,"column":4},"end":{"line":83,"column":5}}},{"type":"method","name":"setRecordsOnPage","loc":{"start":{"line":85,"column":4},"end":{"line":113,"column":5}},"decorator":"api"},{"type":"method","name":"setPaginationControls","loc":{"start":{"line":115,"column":4},"end":{"line":137,"column":5}}},{"type":"method","name":"handleKeyChange","loc":{"start":{"line":139,"column":4},"end":{"line":161,"column":5}}},{"type":"method","name":"handelRowsSelected","loc":{"start":{"line":163,"column":4},"end":{"line":201,"column":5}}},{"type":"method","name":"mergeObjectArray","loc":{"start":{"line":203,"column":4},"end":{"line":207,"column":5}}},{"type":"method","name":"getSelectedRows","loc":{"start":{"line":209,"column":4},"end":{"line":217,"column":5}}},{"type":"method","name":"handelSort","loc":{"start":{"line":219,"column":4},"end":{"line":227,"column":5}}},{"type":"method","name":"sortBy","loc":{"start":{"line":229,"column":4},"end":{"line":243,"column":5}}}],"exports":[{"type":"ExportDefaultDeclaration"}]},"updatedAt":"2021-11-02T10:26:31.765Z"},{"_allAttributes":null,"_properties":null,"_methods":null,"file":"c:/Users/chbal/OneDrive/Salesforce/sfdcsunil07@gmail.com/force-app/main/default/lwc/lwcDataTableWithRowAction/lwcDataTableWithRowAction.js","metadata":{"decorators":[{"type":"wire","targets":[{"name":"contacts","adapter":{"name":"getContacts","reference":"@salesforce/apex/LWCExampleController.getContacts"},"type":"method"}]},{"type":"track","targets":[{"name":"data","type":"property"},{"name":"columns","type":"property"},{"name":"record","type":"property"},{"name":"bShowModal","type":"property"},{"name":"currentRecordId","type":"property"},{"name":"isEditForm","type":"property"},{"name":"showLoadingSpinner","type":"property"}]}],"declarationLoc":{"start":{"line":35,"column":0},"end":{"line":165,"column":1}},"classMembers":[{"type":"property","name":"data","loc":{"start":{"line":37,"column":4},"end":{"line":37,"column":16}},"decorator":"track"},{"type":"property","name":"columns","loc":{"start":{"line":38,"column":4},"end":{"line":38,"column":29}},"decorator":"track"},{"type":"property","name":"record","loc":{"start":{"line":39,"column":4},"end":{"line":39,"column":23}},"decorator":"track"},{"type":"property","name":"bShowModal","loc":{"start":{"line":40,"column":4},"end":{"line":40,"column":30}},"decorator":"track"},{"type":"property","name":"currentRecordId","loc":{"start":{"line":41,"column":4},"end":{"line":41,"column":27}},"decorator":"track"},{"type":"property","name":"isEditForm","loc":{"start":{"line":42,"column":4},"end":{"line":42,"column":30}},"decorator":"track"},{"type":"property","name":"showLoadingSpinner","loc":{"start":{"line":43,"column":4},"end":{"line":43,"column":38}},"decorator":"track"},{"type":"property","name":"selectedRecords","loc":{"start":{"line":46,"column":4},"end":{"line":46,"column":25}}},{"type":"property","name":"refreshTable","loc":{"start":{"line":47,"column":4},"end":{"line":47,"column":17}}},{"type":"property","name":"error","loc":{"start":{"line":48,"column":4},"end":{"line":48,"column":10}}},{"type":"method","name":"contacts","loc":{"start":{"line":51,"column":4},"end":{"line":62,"column":5}},"decorator":"wire"},{"type":"method","name":"handleRowActions","loc":{"start":{"line":64,"column":4},"end":{"line":84,"column":5}}},{"type":"method","name":"viewCurrentRecord","loc":{"start":{"line":87,"column":4},"end":{"line":91,"column":5}}},{"type":"method","name":"closeModal","loc":{"start":{"line":94,"column":4},"end":{"line":96,"column":5}}},{"type":"method","name":"editCurrentRecord","loc":{"start":{"line":99,"column":4},"end":{"line":106,"column":5}}},{"type":"method","name":"handleSubmit","loc":{"start":{"line":109,"column":4},"end":{"line":126,"column":5}}},{"type":"method","name":"handleSuccess","loc":{"start":{"line":129,"column":4},"end":{"line":131,"column":5}}},{"type":"method","name":"deleteCons","loc":{"start":{"line":133,"column":4},"end":{"line":163,"column":5}}}],"exports":[{"type":"ExportDefaultDeclaration"}]},"updatedAt":"2021-11-02T10:26:31.686Z"},{"_allAttributes":null,"_properties":null,"_methods":null,"file":"c:/Users/chbal/OneDrive/Salesforce/sfdcsunil07@gmail.com/force-app/main/default/lwc/lwcDynamicColumnSelection/lwcDynamicColumnSelection.js","metadata":{"decorators":[{"type":"api","targets":[{"type":"property","name":"objectData","value":{"type":"array","value":[]}},{"type":"property","name":"fieldsForCloumns"}]},{"type":"wire","targets":[{"name":"setObjectField","adapter":{"name":"getField","reference":"@salesforce/apex/DynamicColumnTableHandler.getAllColumnsDetail"},"type":"method","static":{"objectApiName":{"type":"string","value":"Lead"}},"params":{}}]},{"type":"track","targets":[{"name":"iscolumnWindow","type":"property"},{"name":"minField","type":"property"},{"name":"maxField","type":"property"},{"name":"allFields","type":"property"},{"name":"allSelectedField","type":"property"},{"name":"columnArrays","type":"property"},{"name":"fieldsForCloumn","type":"property"}]}],"declarationLoc":{"start":{"line":5,"column":0},"end":{"line":85,"column":1}},"classMembers":[{"type":"property","name":"iscolumnWindow","loc":{"start":{"line":6,"column":4},"end":{"line":6,"column":34}},"decorator":"track"},{"type":"property","name":"minField","loc":{"start":{"line":7,"column":4},"end":{"line":7,"column":20}},"decorator":"track"},{"type":"property","name":"maxField","loc":{"start":{"line":8,"column":4},"end":{"line":8,"column":20}},"decorator":"track"},{"type":"property","name":"allFields","loc":{"start":{"line":9,"column":4},"end":{"line":9,"column":26}},"decorator":"track"},{"type":"property","name":"allSelectedField","loc":{"start":{"line":10,"column":4},"end":{"line":10,"column":33}},"decorator":"track"},{"type":"property","name":"objectData","loc":{"start":{"line":11,"column":4},"end":{"line":11,"column":25}},"decorator":"api","value":{"type":"array","value":[]}},{"type":"property","name":"columnArrays","loc":{"start":{"line":12,"column":4},"end":{"line":12,"column":29}},"decorator":"track"},{"type":"property","name":"fieldsForCloumn","loc":{"start":{"line":13,"column":4},"end":{"line":13,"column":32}},"decorator":"track"},{"type":"property","name":"fieldsForCloumns","loc":{"start":{"line":15,"column":4},"end":{"line":18,"column":5}},"decorator":"api"},{"type":"method","name":"setObjectField","loc":{"start":{"line":22,"column":4},"end":{"line":35,"column":5}},"decorator":"wire"},{"type":"method","name":"updateSelectedColumns","loc":{"start":{"line":37,"column":4},"end":{"line":40,"column":5}}},{"type":"method","name":"showColumnSelectionWindow","loc":{"start":{"line":42,"column":4},"end":{"line":44,"column":5}}},{"type":"method","name":"closeModel","loc":{"start":{"line":46,"column":4},"end":{"line":84,"column":5}}}],"exports":[{"type":"ExportDefaultDeclaration"}]},"updatedAt":"2021-11-02T10:26:31.949Z"},{"_allAttributes":null,"_properties":null,"_methods":null,"file":"c:/Users/chbal/OneDrive/Salesforce/sfdcsunil07@gmail.com/force-app/main/default/lwc/lwcJqueryDatatable/lwcJqueryDatatable.js","metadata":{"decorators":[],"declarationLoc":{"start":{"line":15,"column":0},"end":{"line":141,"column":1}},"classMembers":[{"type":"property","name":"tableData","loc":{"start":{"line":17,"column":4},"end":{"line":17,"column":19}}},{"type":"method","name":"connectedCallback","loc":{"start":{"line":19,"column":4},"end":{"line":113,"column":5}}},{"type":"method","name":"getProjects","loc":{"start":{"line":115,"column":4},"end":{"line":139,"column":5}}}],"exports":[{"type":"ExportDefaultDeclaration"}]},"updatedAt":"2021-11-02T10:26:31.981Z"},{"_allAttributes":null,"_properties":null,"_methods":null,"file":"c:/Users/chbal/OneDrive/Salesforce/sfdcsunil07@gmail.com/force-app/main/default/lwc/lwcSearchAccountList/lwcSearchAccountList.js","metadata":{"decorators":[{"type":"wire","targets":[{"name":"retrieveAccounts","adapter":{"name":"getAccounts","reference":"@salesforce/apex/lwcApexController.searchAccountNameMethod"},"type":"method","static":{},"params":{"accStrName":"accountName","accStrPhone":"accountPhone","accStrWebsite":"accountWebsite","accStrIndustry":"accountIndustry","accStrDescription":"accountDescription"}}]},{"type":"track","targets":[{"name":"accountList","type":"property"}]}],"declarationLoc":{"start":{"line":5,"column":0},"end":{"line":38,"column":1}},"classMembers":[{"type":"property","name":"accountName","loc":{"start":{"line":6,"column":4},"end":{"line":6,"column":21}}},{"type":"property","name":"accountPhone","loc":{"start":{"line":7,"column":4},"end":{"line":7,"column":22}}},{"type":"property","name":"accountWebsite","loc":{"start":{"line":8,"column":4},"end":{"line":8,"column":24}}},{"type":"property","name":"accountIndustry","loc":{"start":{"line":9,"column":4},"end":{"line":9,"column":25}}},{"type":"property","name":"accountDescription","loc":{"start":{"line":10,"column":4},"end":{"line":10,"column":28}}},{"type":"property","name":"accountList","loc":{"start":{"line":11,"column":2},"end":{"line":11,"column":25}},"decorator":"track"},{"type":"method","name":"retrieveAccounts","loc":{"start":{"line":12,"column":2},"end":{"line":27,"column":3}},"decorator":"wire"},{"type":"method","name":"searchAccountAction","loc":{"start":{"line":30,"column":2},"end":{"line":37,"column":3}}}],"exports":[{"type":"ExportDefaultDeclaration"}]},"updatedAt":"2021-11-02T10:26:31.754Z"},{"_allAttributes":null,"_properties":null,"_methods":null,"file":"c:/Users/chbal/OneDrive/Salesforce/sfdcsunil07@gmail.com/force-app/main/default/lwc/nextEraHome/nextEraHome.js","metadata":{"decorators":[{"type":"wire","targets":[{"name":"wopps","adapter":{"name":"getProjects","reference":"@salesforce/apex/NextEraHomeController.getProjects"},"type":"method"}]}],"declarationLoc":{"start":{"line":10,"column":0},"end":{"line":113,"column":1}},"classMembers":[{"type":"property","name":"error","loc":{"start":{"line":13,"column":4},"end":{"line":13,"column":10}}},{"type":"property","name":"columns","loc":{"start":{"line":14,"column":4},"end":{"line":14,"column":22}}},{"type":"property","name":"allRecords","loc":{"start":{"line":15,"column":4},"end":{"line":15,"column":15}}},{"type":"property","name":"showTable","loc":{"start":{"line":16,"column":4},"end":{"line":16,"column":22}}},{"type":"property","name":"recordsToDisplay","loc":{"start":{"line":17,"column":4},"end":{"line":17,"column":26}}},{"type":"property","name":"rowNumberOffset","loc":{"start":{"line":18,"column":4},"end":{"line":18,"column":20}}},{"type":"property","name":"preSelected","loc":{"start":{"line":19,"column":4},"end":{"line":19,"column":21}}},{"type":"property","name":"selectedRows","loc":{"start":{"line":20,"column":4},"end":{"line":20,"column":17}}},{"type":"property","name":"searchBy","loc":{"start":{"line":23,"column":4},"end":{"line":23,"column":22}}},{"type":"property","name":"action","loc":{"start":{"line":24,"column":4},"end":{"line":24,"column":37}}},{"type":"property","name":"searchByOptions","loc":{"start":{"line":26,"column":4},"end":{"line":31,"column":5}}},{"type":"property","name":"actionOptions","loc":{"start":{"line":33,"column":4},"end":{"line":39,"column":5}}},{"type":"method","name":"wopps","loc":{"start":{"line":43,"column":4},"end":{"line":59,"column":5}},"decorator":"wire"},{"type":"method","name":"handlePaginatorChange","loc":{"start":{"line":61,"column":4},"end":{"line":69,"column":5}}},{"type":"method","name":"getSelectedRows","loc":{"start":{"line":71,"column":4},"end":{"line":80,"column":5}}},{"type":"method","name":"handleAllSelectedRows","loc":{"start":{"line":82,"column":4},"end":{"line":93,"column":5}}},{"type":"method","name":"changeStyle","loc":{"start":{"line":96,"column":4},"end":{"line":111,"column":5}}}],"exports":[{"type":"ExportDefaultDeclaration"}]},"updatedAt":"2021-11-02T10:26:31.937Z"},{"_allAttributes":null,"_properties":null,"_methods":null,"file":"c:/Users/chbal/OneDrive/Salesforce/sfdcsunil07@gmail.com/force-app/main/default/lwc/parentComponent/parentComponent.js","metadata":{"decorators":[],"declarationLoc":{"start":{"line":3,"column":0},"end":{"line":8,"column":1}},"classMembers":[{"type":"method","name":"passBday","loc":{"start":{"line":4,"column":4},"end":{"line":7,"column":5}}}],"exports":[{"type":"ExportDefaultDeclaration"}]},"updatedAt":"2021-11-02T10:26:31.740Z"},{"_allAttributes":null,"_properties":null,"_methods":null,"file":"c:/Users/chbal/OneDrive/Salesforce/sfdcsunil07@gmail.com/force-app/main/default/lwc/projectDataHome/projectDataHome.js","metadata":{"decorators":[{"type":"track","targets":[{"name":"searchKey","type":"property"},{"name":"columnName","type":"property"},{"name":"ownerUnassigned","type":"property"},{"name":"project_data_icon","type":"property"}]}],"declarationLoc":{"start":{"line":4,"column":0},"end":{"line":38,"column":1}},"classMembers":[{"type":"property","name":"searchKey","loc":{"start":{"line":5,"column":4},"end":{"line":5,"column":24}},"decorator":"track"},{"type":"property","name":"columnName","loc":{"start":{"line":6,"column":4},"end":{"line":6,"column":25}},"decorator":"track"},{"type":"property","name":"ownerUnassigned","loc":{"start":{"line":7,"column":4},"end":{"line":7,"column":32}},"decorator":"track"},{"type":"property","name":"project_data_icon","loc":{"start":{"line":8,"column":4},"end":{"line":8,"column":127}},"decorator":"track"},{"type":"method","name":"doSearch","loc":{"start":{"line":26,"column":4},"end":{"line":36,"column":5}}}],"exports":[{"type":"ExportDefaultDeclaration"}]},"updatedAt":"2021-11-02T10:26:31.804Z"},{"_allAttributes":null,"_properties":null,"_methods":null,"file":"c:/Users/chbal/OneDrive/Salesforce/sfdcsunil07@gmail.com/force-app/main/default/lwc/projectDataHomeSearch/projectDataHomeSearch.js","metadata":{"decorators":[{"type":"track","targets":[{"name":"searchByValue","type":"property"},{"name":"ownerUnassigned","type":"property"},{"name":"searchKey","type":"property"}]}],"declarationLoc":{"start":{"line":3,"column":0},"end":{"line":58,"column":1}},"classMembers":[{"type":"property","name":"searchByValue","loc":{"start":{"line":4,"column":4},"end":{"line":4,"column":40}},"decorator":"track"},{"type":"property","name":"ownerUnassigned","loc":{"start":{"line":5,"column":4},"end":{"line":5,"column":32}},"decorator":"track"},{"type":"property","name":"searchKey","loc":{"start":{"line":6,"column":4},"end":{"line":6,"column":24}},"decorator":"track"},{"type":"property","name":"actionToPerformValue","loc":{"start":{"line":8,"column":4},"end":{"line":8,"column":51}}},{"type":"property","name":"actionToPerformOptions","loc":{"start":{"line":10,"column":4},"end":{"line":16,"column":5}}},{"type":"method","name":"handleActionToPerformChange","loc":{"start":{"line":19,"column":4},"end":{"line":21,"column":5}}},{"type":"property","name":"searchByOptions","loc":{"start":{"line":25,"column":4},"end":{"line":40,"column":5}}},{"type":"method","name":"handleSearchByChange","loc":{"start":{"line":43,"column":4},"end":{"line":45,"column":5}}},{"type":"method","name":"handleSearchKeyChange","loc":{"start":{"line":48,"column":4},"end":{"line":56,"column":5}}}],"exports":[{"type":"ExportDefaultDeclaration"}]},"updatedAt":"2021-11-02T10:26:31.882Z"},{"_allAttributes":null,"_properties":null,"_methods":null,"file":"c:/Users/chbal/OneDrive/Salesforce/sfdcsunil07@gmail.com/force-app/main/default/lwc/projectDataHomeTabs/projectDataHomeTabs.js","metadata":{"decorators":[{"type":"api","targets":[{"type":"method","name":"dosearch"}]},{"type":"track","targets":[{"name":"project_data_tablelayout_icon","type":"property"},{"name":"project_data_icon","type":"property"},{"name":"searchKey","type":"property"},{"name":"columnName","type":"property"},{"name":"ownerUnassigned","type":"property"},{"name":"data","type":"property"},{"name":"original_data","type":"property"},{"name":"columnDataArray","type":"property"},{"name":"totalSize","type":"property"},{"name":"startIndex","type":"property"},{"name":"endIndex","type":"property"},{"name":"pagesize","type":"property"},{"name":"selected_item_count","type":"property"},{"name":"multicolumnlist","type":"property"},{"name":"isCanadaState","type":"property"},{"name":"selectedTableColumnMap","type":"property"},{"name":"showProjectId","type":"property"},{"name":"showProjectNumber","type":"property"},{"name":"showName","type":"property"},{"name":"showProjectStatus","type":"property"},{"name":"showType","type":"property"},{"name":"showProjectDeveloper","type":"property"},{"name":"showCountryName","type":"property"},{"name":"showState","type":"property"},{"name":"showCountyName","type":"property"},{"name":"showPriority","type":"property"},{"name":"showUpdateDate","type":"property"},{"name":"selectAllEnabled","type":"property"},{"name":"selectedRecordIds","type":"property"}]}],"declarationLoc":{"start":{"line":6,"column":0},"end":{"line":516,"column":1}},"classMembers":[{"type":"property","name":"project_data_tablelayout_icon","loc":{"start":{"line":18,"column":4},"end":{"line":18,"column":113}},"decorator":"track"},{"type":"property","name":"project_data_icon","loc":{"start":{"line":19,"column":4},"end":{"line":19,"column":129}},"decorator":"track"},{"type":"method","name":"handleChange","loc":{"start":{"line":21,"column":4},"end":{"line":23,"column":5}}},{"type":"property","name":"searchKey","loc":{"start":{"line":25,"column":4},"end":{"line":25,"column":26}},"decorator":"track"},{"type":"property","name":"columnName","loc":{"start":{"line":26,"column":4},"end":{"line":26,"column":27}},"decorator":"track"},{"type":"property","name":"ownerUnassigned","loc":{"start":{"line":27,"column":4},"end":{"line":27,"column":34}},"decorator":"track"},{"type":"property","name":"data","loc":{"start":{"line":28,"column":4},"end":{"line":28,"column":21}},"decorator":"track"},{"type":"property","name":"original_data","loc":{"start":{"line":29,"column":4},"end":{"line":29,"column":30}},"decorator":"track"},{"type":"property","name":"columnDataArray","loc":{"start":{"line":30,"column":4},"end":{"line":30,"column":30}},"decorator":"track"},{"type":"method","name":"connectedCallback","loc":{"start":{"line":31,"column":4},"end":{"line":101,"column":5}}},{"type":"property","name":"totalSize","loc":{"start":{"line":103,"column":4},"end":{"line":103,"column":25}},"decorator":"track"},{"type":"property","name":"startIndex","loc":{"start":{"line":104,"column":4},"end":{"line":104,"column":26}},"decorator":"track"},{"type":"property","name":"endIndex","loc":{"start":{"line":105,"column":4},"end":{"line":105,"column":24}},"decorator":"track"},{"type":"property","name":"pagesize","loc":{"start":{"line":106,"column":4},"end":{"line":106,"column":24}},"decorator":"track"},{"type":"property","name":"selected_item_count","loc":{"start":{"line":107,"column":4},"end":{"line":107,"column":35}},"decorator":"track"},{"type":"method","name":"backPage","loc":{"start":{"line":110,"column":4},"end":{"line":126,"column":5}}},{"type":"method","name":"nextPage","loc":{"start":{"line":129,"column":4},"end":{"line":147,"column":5}}},{"type":"method","name":"lastPage","loc":{"start":{"line":150,"column":4},"end":{"line":163,"column":5}}},{"type":"method","name":"retrieveProjects","loc":{"start":{"line":167,"column":4},"end":{"line":193,"column":5}}},{"type":"property","name":"multicolumnlist","loc":{"start":{"line":195,"column":4},"end":{"line":195,"column":32}},"decorator":"track"},{"type":"property","name":"isCanadaState","loc":{"start":{"line":197,"column":4},"end":{"line":197,"column":33}},"decorator":"track"},{"type":"method","name":"handleKeyChangeForUnassigned","loc":{"start":{"line":200,"column":4},"end":{"line":235,"column":5}}},{"type":"property","name":"tableLayoutValue","loc":{"start":{"line":245,"column":4},"end":{"line":245,"column":30}}},{"type":"property","name":"tableLayoutOptions","loc":{"start":{"line":247,"column":4},"end":{"line":261,"column":5}}},{"type":"property","name":"selectedTableColumnMap","loc":{"start":{"line":263,"column":4},"end":{"line":263,"column":46}},"decorator":"track"},{"type":"method","name":"handleTableLayoutChange","loc":{"start":{"line":267,"column":4},"end":{"line":397,"column":5}}},{"type":"property","name":"showProjectId","loc":{"start":{"line":399,"column":4},"end":{"line":399,"column":31}},"decorator":"track"},{"type":"property","name":"showProjectNumber","loc":{"start":{"line":400,"column":4},"end":{"line":400,"column":35}},"decorator":"track"},{"type":"property","name":"showName","loc":{"start":{"line":401,"column":4},"end":{"line":401,"column":26}},"decorator":"track"},{"type":"property","name":"showProjectStatus","loc":{"start":{"line":402,"column":4},"end":{"line":402,"column":35}},"decorator":"track"},{"type":"property","name":"showType","loc":{"start":{"line":403,"column":4},"end":{"line":403,"column":26}},"decorator":"track"},{"type":"property","name":"showProjectDeveloper","loc":{"start":{"line":404,"column":4},"end":{"line":404,"column":38}},"decorator":"track"},{"type":"property","name":"showCountryName","loc":{"start":{"line":405,"column":4},"end":{"line":405,"column":33}},"decorator":"track"},{"type":"property","name":"showState","loc":{"start":{"line":406,"column":4},"end":{"line":406,"column":27}},"decorator":"track"},{"type":"property","name":"showCountyName","loc":{"start":{"line":407,"column":4},"end":{"line":407,"column":32}},"decorator":"track"},{"type":"property","name":"showPriority","loc":{"start":{"line":408,"column":4},"end":{"line":408,"column":30}},"decorator":"track"},{"type":"property","name":"showUpdateDate","loc":{"start":{"line":409,"column":4},"end":{"line":409,"column":32}},"decorator":"track"},{"type":"method","name":"dosearch","loc":{"start":{"line":412,"column":4},"end":{"line":418,"column":5}},"decorator":"api"},{"type":"property","name":"selectAllEnabled","loc":{"start":{"line":421,"column":4},"end":{"line":421,"column":36}},"decorator":"track"},{"type":"property","name":"selectedRecordIds","loc":{"start":{"line":422,"column":4},"end":{"line":422,"column":34}},"decorator":"track"},{"type":"method","name":"selectAllClicked","loc":{"start":{"line":425,"column":4},"end":{"line":441,"column":5}}},{"type":"method","name":"selectClicked","loc":{"start":{"line":444,"column":4},"end":{"line":463,"column":5}}},{"type":"method","name":"retrieveProjectsWithMultiSearch","loc":{"start":{"line":467,"column":4},"end":{"line":491,"column":5}}},{"type":"method","name":"changeTab","loc":{"start":{"line":494,"column":4},"end":{"line":515,"column":5}}}],"exports":[{"type":"ExportDefaultDeclaration"}]},"updatedAt":"2021-11-02T10:26:31.894Z"},{"_allAttributes":null,"_properties":null,"_methods":null,"file":"c:/Users/chbal/OneDrive/Salesforce/sfdcsunil07@gmail.com/force-app/main/default/lwc/projectSearch/projectSearch.js","metadata":{"decorators":[{"type":"wire","targets":[{"name":"wiredDetail","adapter":{"name":"getProject","reference":"@salesforce/apex/projectSearchController.getProjectList"},"type":"method","static":{},"params":{}}]}],"declarationLoc":{"start":{"line":36,"column":0},"end":{"line":71,"column":1}},"classMembers":[{"type":"property","name":"value","loc":{"start":{"line":37,"column":4},"end":{"line":37,"column":19}}},{"type":"property","name":"action","loc":{"start":{"line":38,"column":4},"end":{"line":38,"column":37}}},{"type":"property","name":"data","loc":{"start":{"line":39,"column":4},"end":{"line":39,"column":14}}},{"type":"property","name":"columns","loc":{"start":{"line":40,"column":4},"end":{"line":40,"column":22}}},{"type":"property","name":"record","loc":{"start":{"line":41,"column":4},"end":{"line":41,"column":11}}},{"type":"property","name":"options","loc":{"start":{"line":42,"column":4},"end":{"line":47,"column":5}}},{"type":"property","name":"actionOptions","loc":{"start":{"line":48,"column":4},"end":{"line":54,"column":5}}},{"type":"method","name":"wiredDetail","loc":{"start":{"line":55,"column":4},"end":{"line":64,"column":3}},"decorator":"wire"},{"type":"method","name":"handleChange","loc":{"start":{"line":65,"column":4},"end":{"line":67,"column":5}}},{"type":"method","name":"handleActionChange","loc":{"start":{"line":68,"column":4},"end":{"line":70,"column":5}}}],"exports":[{"type":"ExportDefaultDeclaration"}]},"updatedAt":"2021-11-02T10:26:31.772Z"},{"_allAttributes":null,"_properties":null,"_methods":null,"file":"c:/Users/chbal/OneDrive/Salesforce/sfdcsunil07@gmail.com/force-app/main/default/lwc/reusableCustomDropdownWithSearchLwc/reusableCustomDropdownWithSearchLwc.js","metadata":{"decorators":[{"type":"api","targets":[{"type":"property","name":"fieldLabel","value":{"type":"unresolved"}},{"type":"property","name":"disabled","value":{"type":"boolean","value":false}},{"type":"property","name":"placeholder","value":{"type":"string"}},{"type":"property","name":"options","value":{"type":"unresolved"}},{"type":"property","name":"value","value":{"type":"string"}},{"type":"method","name":"setOptionsAndValues"}]},{"type":"track","targets":[{"name":"openDropDown","type":"property"},{"name":"inputValue","type":"property"},{"name":"optionsToDisplay","type":"property"},{"name":"label","type":"property"}]}],"declarationLoc":{"start":{"line":5,"column":0},"end":{"line":162,"column":1}},"classMembers":[{"type":"property","name":"fieldLabel","loc":{"start":{"line":8,"column":4},"end":{"line":8,"column":20}},"decorator":"api","value":{"type":"unresolved"}},{"type":"property","name":"disabled","loc":{"start":{"line":9,"column":4},"end":{"line":9,"column":26}},"decorator":"api","value":{"type":"boolean","value":false}},{"type":"property","name":"openDropDown","loc":{"start":{"line":10,"column":4},"end":{"line":10,"column":32}},"decorator":"track"},{"type":"property","name":"inputValue","loc":{"start":{"line":11,"column":4},"end":{"line":11,"column":27}},"decorator":"track"},{"type":"property","name":"placeholder","loc":{"start":{"line":12,"column":4},"end":{"line":12,"column":26}},"decorator":"api","value":{"type":"string"}},{"type":"property","name":"options","loc":{"start":{"line":13,"column":4},"end":{"line":13,"column":17}},"decorator":"api","value":{"type":"unresolved"}},{"type":"property","name":"optionsToDisplay","loc":{"start":{"line":14,"column":4},"end":{"line":14,"column":28}},"decorator":"track"},{"type":"property","name":"value","loc":{"start":{"line":15,"column":4},"end":{"line":15,"column":20}},"decorator":"api","value":{"type":"string"}},{"type":"property","name":"label","loc":{"start":{"line":16,"column":4},"end":{"line":16,"column":22}},"decorator":"track"},{"type":"property","name":"delaytimeout","loc":{"start":{"line":17,"column":4},"end":{"line":17,"column":17}}},{"type":"method","name":"connectedCallback","loc":{"start":{"line":24,"column":4},"end":{"line":26,"column":5}}},{"type":"method","name":"renderedCallback","loc":{"start":{"line":28,"column":4},"end":{"line":34,"column":5}}},{"type":"method","name":"setOptionsAndValues","loc":{"start":{"line":37,"column":4},"end":{"line":48,"column":5}},"decorator":"api"},{"type":"method","name":"getLabel","loc":{"start":{"line":51,"column":4},"end":{"line":57,"column":5}}},{"type":"method","name":"closeDropdown","loc":{"start":{"line":65,"column":4},"end":{"line":80,"column":5}}},{"type":"method","name":"handleInputClick","loc":{"start":{"line":83,"column":4},"end":{"line":86,"column":5}}},{"type":"method","name":"handleKeyPress","loc":{"start":{"line":89,"column":4},"end":{"line":100,"column":5}}},{"type":"method","name":"filterDropdownList","loc":{"start":{"line":103,"column":4},"end":{"line":106,"column":5}}},{"type":"method","name":"optionsClickHandler","loc":{"start":{"line":109,"column":4},"end":{"line":118,"column":5}}},{"type":"method","name":"resetParameters","loc":{"start":{"line":121,"column":4},"end":{"line":124,"column":5}}},{"type":"method","name":"setInputValue","loc":{"start":{"line":127,"column":4},"end":{"line":129,"column":5}}},{"type":"method","name":"setValues","loc":{"start":{"line":133,"column":4},"end":{"line":136,"column":5}}},{"type":"method","name":"toggleOpenDropDown","loc":{"start":{"line":139,"column":4},"end":{"line":141,"column":5}}},{"type":"property","name":"labelClass","loc":{"start":{"line":144,"column":4},"end":{"line":146,"column":5}}},{"type":"property","name":"dropDownClass","loc":{"start":{"line":149,"column":4},"end":{"line":151,"column":5}}},{"type":"property","name":"isValueSelected","loc":{"start":{"line":154,"column":4},"end":{"line":156,"column":5}}},{"type":"property","name":"isDropdownOpen","loc":{"start":{"line":158,"column":4},"end":{"line":160,"column":5}}}],"exports":[{"type":"ExportDefaultDeclaration"}]},"updatedAt":"2021-11-02T10:26:31.888Z"},{"_allAttributes":null,"_properties":null,"_methods":null,"file":"c:/Users/chbal/OneDrive/Salesforce/sfdcsunil07@gmail.com/force-app/main/default/lwc/searchComponent/searchComponent.js","metadata":{"decorators":[{"type":"api","targets":[{"type":"property","name":"valueId","value":{"type":"unresolved"}},{"type":"property","name":"valueName","value":{"type":"unresolved"}},{"type":"property","name":"objName","value":{"type":"string","value":"Account"}},{"type":"property","name":"iconName","value":{"type":"string","value":"standard:account"}},{"type":"property","name":"labelName","value":{"type":"unresolved"}},{"type":"property","name":"readOnly","value":{"type":"boolean","value":false}},{"type":"property","name":"currentRecordId","value":{"type":"unresolved"}},{"type":"property","name":"placeholder","value":{"type":"string","value":"Search"}},{"type":"property","name":"createRecord","value":{"type":"unresolved"}},{"type":"property","name":"fields","value":{"type":"array","value":[{"type":"string","value":"Name"}]}},{"type":"property","name":"displayFields","value":{"type":"string","value":"Name, Rating, AccountNumber"}}]},{"type":"track","targets":[{"name":"error","type":"property"}]}],"declarationLoc":{"start":{"line":15,"column":0},"end":{"line":164,"column":1}},"classMembers":[{"type":"property","name":"valueId","loc":{"start":{"line":17,"column":4},"end":{"line":17,"column":17}},"decorator":"api","value":{"type":"unresolved"}},{"type":"property","name":"valueName","loc":{"start":{"line":18,"column":4},"end":{"line":18,"column":19}},"decorator":"api","value":{"type":"unresolved"}},{"type":"property","name":"objName","loc":{"start":{"line":19,"column":4},"end":{"line":19,"column":29}},"decorator":"api","value":{"type":"string","value":"Account"}},{"type":"property","name":"iconName","loc":{"start":{"line":20,"column":4},"end":{"line":20,"column":39}},"decorator":"api","value":{"type":"string","value":"standard:account"}},{"type":"property","name":"labelName","loc":{"start":{"line":21,"column":4},"end":{"line":21,"column":19}},"decorator":"api","value":{"type":"unresolved"}},{"type":"property","name":"readOnly","loc":{"start":{"line":22,"column":4},"end":{"line":22,"column":26}},"decorator":"api","value":{"type":"boolean","value":false}},{"type":"property","name":"currentRecordId","loc":{"start":{"line":23,"column":4},"end":{"line":23,"column":25}},"decorator":"api","value":{"type":"unresolved"}},{"type":"property","name":"placeholder","loc":{"start":{"line":24,"column":4},"end":{"line":24,"column":32}},"decorator":"api","value":{"type":"string","value":"Search"}},{"type":"property","name":"createRecord","loc":{"start":{"line":25,"column":4},"end":{"line":25,"column":22}},"decorator":"api","value":{"type":"unresolved"}},{"type":"property","name":"fields","loc":{"start":{"line":26,"column":4},"end":{"line":26,"column":27}},"decorator":"api","value":{"type":"array","value":[{"type":"string","value":"Name"}]}},{"type":"property","name":"displayFields","loc":{"start":{"line":27,"column":4},"end":{"line":27,"column":55}},"decorator":"api","value":{"type":"string","value":"Name, Rating, AccountNumber"}},{"type":"property","name":"error","loc":{"start":{"line":29,"column":4},"end":{"line":29,"column":17}},"decorator":"track"},{"type":"property","name":"searchTerm","loc":{"start":{"line":31,"column":4},"end":{"line":31,"column":15}}},{"type":"property","name":"delayTimeout","loc":{"start":{"line":32,"column":4},"end":{"line":32,"column":17}}},{"type":"property","name":"searchRecords","loc":{"start":{"line":34,"column":4},"end":{"line":34,"column":18}}},{"type":"property","name":"selectedRecord","loc":{"start":{"line":35,"column":4},"end":{"line":35,"column":19}}},{"type":"property","name":"objectLabel","loc":{"start":{"line":36,"column":4},"end":{"line":36,"column":16}}},{"type":"property","name":"isLoading","loc":{"start":{"line":37,"column":4},"end":{"line":37,"column":22}}},{"type":"property","name":"field","loc":{"start":{"line":39,"column":4},"end":{"line":39,"column":10}}},{"type":"property","name":"field1","loc":{"start":{"line":40,"column":4},"end":{"line":40,"column":11}}},{"type":"property","name":"field2","loc":{"start":{"line":41,"column":4},"end":{"line":41,"column":11}}},{"type":"property","name":"ICON_URL","loc":{"start":{"line":43,"column":4},"end":{"line":43,"column":84}}},{"type":"method","name":"connectedCallback","loc":{"start":{"line":45,"column":4},"end":{"line":79,"column":5}}},{"type":"method","name":"handleInputChange","loc":{"start":{"line":81,"column":4},"end":{"line":115,"column":5}}},{"type":"method","name":"handleSelect","loc":{"start":{"line":117,"column":4},"end":{"line":139,"column":5}}},{"type":"method","name":"handleClose","loc":{"start":{"line":141,"column":4},"end":{"line":155,"column":5}}},{"type":"method","name":"titleCase","loc":{"start":{"line":157,"column":4},"end":{"line":163,"column":5}}}],"exports":[{"type":"ExportDefaultDeclaration"}]},"updatedAt":"2021-11-02T10:26:31.693Z"},{"_allAttributes":null,"_properties":null,"_methods":null,"file":"c:/Users/chbal/OneDrive/Salesforce/sfdcsunil07@gmail.com/force-app/main/default/lwc/dynamicTableLWC/dynamicTableLWC.js","metadata":{"decorators":[],"declarationLoc":{"start":{"line":2,"column":0},"end":{"line":4,"column":1}},"classMembers":[],"exports":[{"type":"ExportDefaultDeclaration"}]},"updatedAt":"2021-11-02T10:26:31.876Z"},{"_allAttributes":null,"_properties":null,"_methods":null,"file":"c:/Users/chbal/OneDrive/Salesforce/sfdcsunil07@gmail.com/force-app/main/default/lwc/lwcFooter/lwcFooter.js","metadata":{"decorators":[],"declarationLoc":{"start":{"line":2,"column":0},"end":{"line":4,"column":1}},"classMembers":[],"exports":[{"type":"ExportDefaultDeclaration"}]},"updatedAt":"2021-11-02T10:26:31.903Z"},{"_allAttributes":null,"_properties":null,"_methods":null,"file":"c:/Users/chbal/OneDrive/Salesforce/sfdcsunil07@gmail.com/force-app/main/default/lwc/neerFooter/neerFooter.js","metadata":{"decorators":[],"declarationLoc":{"start":{"line":2,"column":0},"end":{"line":4,"column":1}},"classMembers":[],"exports":[{"type":"ExportDefaultDeclaration"}]},"updatedAt":"2021-11-02T10:26:31.916Z"},{"_allAttributes":null,"_properties":null,"_methods":null,"file":"c:/Users/chbal/OneDrive/Salesforce/sfdcsunil07@gmail.com/force-app/main/default/lwc/neer_Dynamic_Project_Table/neer_Dynamic_Project_Table.js","metadata":{"decorators":[{"type":"api","targets":[{"type":"property","name":"objectData","value":{"type":"array","value":[]}},{"type":"property","name":"fieldsForCloumns"}]},{"type":"wire","targets":[{"name":"setObjectField","adapter":{"name":"getField","reference":"@salesforce/apex/DynamicColumnTableHandler.getAllColumnsDetail"},"type":"method","static":{"objectApiName":{"type":"string","value":"NEER_Project__c"}},"params":{}}]},{"type":"track","targets":[{"name":"iscolumnWindow","type":"property"},{"name":"minField","type":"property"},{"name":"maxField","type":"property"},{"name":"allFields","type":"property"},{"name":"allSelectedField","type":"property"},{"name":"columnArrays","type":"property"},{"name":"fieldsForCloumn","type":"property"}]}],"declarationLoc":{"start":{"line":5,"column":0},"end":{"line":85,"column":1}},"classMembers":[{"type":"property","name":"iscolumnWindow","loc":{"start":{"line":6,"column":4},"end":{"line":6,"column":34}},"decorator":"track"},{"type":"property","name":"minField","loc":{"start":{"line":7,"column":4},"end":{"line":7,"column":20}},"decorator":"track"},{"type":"property","name":"maxField","loc":{"start":{"line":8,"column":4},"end":{"line":8,"column":20}},"decorator":"track"},{"type":"property","name":"allFields","loc":{"start":{"line":9,"column":4},"end":{"line":9,"column":26}},"decorator":"track"},{"type":"property","name":"allSelectedField","loc":{"start":{"line":10,"column":4},"end":{"line":10,"column":33}},"decorator":"track"},{"type":"property","name":"objectData","loc":{"start":{"line":11,"column":4},"end":{"line":11,"column":25}},"decorator":"api","value":{"type":"array","value":[]}},{"type":"property","name":"columnArrays","loc":{"start":{"line":12,"column":4},"end":{"line":12,"column":29}},"decorator":"track"},{"type":"property","name":"fieldsForCloumn","loc":{"start":{"line":13,"column":4},"end":{"line":13,"column":32}},"decorator":"track"},{"type":"property","name":"fieldsForCloumns","loc":{"start":{"line":15,"column":4},"end":{"line":18,"column":5}},"decorator":"api"},{"type":"method","name":"setObjectField","loc":{"start":{"line":22,"column":4},"end":{"line":35,"column":5}},"decorator":"wire"},{"type":"method","name":"updateSelectedColumns","loc":{"start":{"line":37,"column":4},"end":{"line":40,"column":5}}},{"type":"method","name":"showColumnSelectionWindow","loc":{"start":{"line":42,"column":4},"end":{"line":44,"column":5}}},{"type":"method","name":"closeModel","loc":{"start":{"line":46,"column":4},"end":{"line":84,"column":5}}}],"exports":[{"type":"ExportDefaultDeclaration"}]},"updatedAt":"2021-11-02T10:26:31.869Z"},{"_allAttributes":null,"_properties":null,"_methods":null,"file":"c:/Users/chbal/OneDrive/Salesforce/sfdcsunil07@gmail.com/force-app/main/default/lwc/multiSelectPickList/multiSelectPickList.js","metadata":{"decorators":[{"type":"api","targets":[{"type":"property","name":"label","value":{"type":"string","value":"Default label"}},{"type":"property","name":"disabled"},{"type":"property","name":"options"},{"type":"method","name":"clear"}]},{"type":"track","targets":[{"name":"inputOptions","type":"property"},{"name":"inputValue","type":"property"}]}],"declarationLoc":{"start":{"line":2,"column":0},"end":{"line":151,"column":1}},"classMembers":[{"type":"property","name":"label","loc":{"start":{"line":29,"column":4},"end":{"line":29,"column":33}},"decorator":"api","value":{"type":"string","value":"Default label"}},{"type":"property","name":"disabled","loc":{"start":{"line":31,"column":4},"end":{"line":34,"column":5}},"decorator":"api"},{"type":"property","name":"inputOptions","loc":{"start":{"line":39,"column":4},"end":{"line":39,"column":24}},"decorator":"track"},{"type":"property","name":"options","loc":{"start":{"line":40,"column":4},"end":{"line":43,"column":5}},"decorator":"api"},{"type":"method","name":"clear","loc":{"start":{"line":51,"column":4},"end":{"line":54,"column":5}},"decorator":"api"},{"type":"property","name":"value","loc":{"start":{"line":55,"column":4},"end":{"line":55,"column":15}}},{"type":"property","name":"inputValue","loc":{"start":{"line":56,"column":4},"end":{"line":56,"column":30}},"decorator":"track"},{"type":"property","name":"hasRendered","loc":{"start":{"line":57,"column":4},"end":{"line":57,"column":16}}},{"type":"method","name":"renderedCallback","loc":{"start":{"line":58,"column":4},"end":{"line":64,"column":5}}},{"type":"method","name":"handleDisabled","loc":{"start":{"line":65,"column":4},"end":{"line":70,"column":5}}},{"type":"property","name":"comboboxIsRendered","loc":{"start":{"line":71,"column":4},"end":{"line":71,"column":23}}},{"type":"method","name":"handleClick","loc":{"start":{"line":72,"column":4},"end":{"line":80,"column":5}}},{"type":"method","name":"handleSelection","loc":{"start":{"line":81,"column":4},"end":{"line":92,"column":5}}},{"type":"method","name":"sendValues","loc":{"start":{"line":93,"column":4},"end":{"line":101,"column":5}}},{"type":"method","name":"handleAllOption","loc":{"start":{"line":102,"column":4},"end":{"line":112,"column":5}}},{"type":"method","name":"handleOption","loc":{"start":{"line":113,"column":4},"end":{"line":134,"column":5}}},{"type":"property","name":"dropDownInFocus","loc":{"start":{"line":135,"column":4},"end":{"line":135,"column":28}}},{"type":"method","name":"handleBlur","loc":{"start":{"line":136,"column":4},"end":{"line":140,"column":5}}},{"type":"method","name":"handleMouseleave","loc":{"start":{"line":141,"column":4},"end":{"line":143,"column":5}}},{"type":"method","name":"handleMouseEnter","loc":{"start":{"line":144,"column":4},"end":{"line":146,"column":5}}},{"type":"method","name":"closeDropbox","loc":{"start":{"line":147,"column":4},"end":{"line":150,"column":5}}}],"exports":[{"type":"ExportDefaultDeclaration"}]},"updatedAt":"2021-11-02T10:26:31.857Z"},{"_allAttributes":null,"_properties":null,"_methods":null,"file":"c:/Users/chbal/OneDrive/Salesforce/sfdcsunil07@gmail.com/force-app/main/default/lwc/neerHeader/neerHeader.js","metadata":{"decorators":[],"declarationLoc":{"start":{"line":8,"column":0},"end":{"line":16,"column":1}},"classMembers":[{"type":"property","name":"neeLogo","loc":{"start":{"line":9,"column":4},"end":{"line":9,"column":43}}},{"type":"property","name":"settingIcon","loc":{"start":{"line":10,"column":4},"end":{"line":10,"column":49}}},{"type":"property","name":"menuIcon","loc":{"start":{"line":11,"column":4},"end":{"line":11,"column":42}}},{"type":"property","name":"logoutIcon","loc":{"start":{"line":12,"column":4},"end":{"line":12,"column":47}}},{"type":"property","name":"profileIcon","loc":{"start":{"line":13,"column":4},"end":{"line":13,"column":45}}},{"type":"property","name":"notifIcon","loc":{"start":{"line":14,"column":4},"end":{"line":14,"column":51}}}],"exports":[{"type":"ExportDefaultDeclaration"}]},"updatedAt":"2021-11-02T10:26:31.955Z"},{"_allAttributes":null,"_properties":null,"_methods":null,"file":"c:/Users/chbal/OneDrive/Salesforce/sfdcsunil07@gmail.com/force-app/main/default/lwc/parcelSharingLWC/parcelSharingLWC.js","metadata":{"decorators":[],"declarationLoc":{"start":{"line":4,"column":0},"end":{"line":8,"column":1}},"classMembers":[{"type":"method","name":"closeAction","loc":{"start":{"line":5,"column":4},"end":{"line":7,"column":7}}}],"exports":[{"type":"ExportDefaultDeclaration"}]},"updatedAt":"2021-11-02T10:26:31.679Z"},{"_allAttributes":null,"_properties":null,"_methods":null,"file":"c:/Users/chbal/OneDrive/Salesforce/sfdcsunil07@gmail.com/force-app/main/default/lwc/projectListviewLwc/projectListviewLwc.js","metadata":{"decorators":[],"exports":[{"type":"ExportDefaultDeclaration"}]},"updatedAt":"2021-11-02T10:26:31.698Z"}]