<?xml version="1.0" encoding="UTF-8"?>
<LightningComponentBundle xmlns="http://soap.sforce.com/2006/04/metadata">
    <apiVersion>49.0</apiVersion>
    <isExposed>true</isExposed>
    <targets>
        <target>lightningCommunity__Page</target>
        <target>lightningCommunity__Default</target>
    </targets>
    <targetConfigs>
        <targetConfig targets="lightningCommunity__Default">
            <property name="AccountId" type="String"/>
            <property name="RelatedObject" type="String"/>
            <property name="RelatedField" type="String"/>
            <property name="Fields" type="String"/>
            <property name="TableColumns" type="String"/>
            <property name="Title" type="String"/>
        </targetConfig>
    </targetConfigs>
</LightningComponentBundle>